removed,added,initial_removed_score,initial_added_score,learned_removed_score,learned_added_score,trial_type,label_loss,token_losses,baseline_loss,utility,policy
149,40,0.003387451171875,0.002410888671875,0.003843706799671054,0.005834631621837616,single_swap,1.0746529210855895,"[16.914897918701172, 0.0, 2.3841855067985307e-07, 1.5343315601348877, 0.8705210089683533, 0.0, 3.576278118089249e-07, 0.0001915509783430025, 0.00015889335190877318, 0.0, 0.00010609064338495955, 7.271740287251305e-06, 0.0, 0.0, 0.0002760506176855415, 0.02326151914894581, 0.0, 1.1920928244535389e-07]",1.0856032863452998,0.01095036525971027,
129,64,0.0032806396484375,0.002899169921875,0.0038440153002738953,0.00463185366243124,single_swap,1.094159541512071,"[17.169828414916992, 0.0, 1.1920928244535389e-07, 1.701247215270996, 0.7997744679450989, 0.0, 3.576278118089249e-07, 0.00016926287207752466, 0.00020382710499688983, 0.0, 0.00010680581908673048, 4.172316494077677e-06, 0.0, 0.0, 0.0002759314374998212, 0.0232610534876585, 0.0, 1.1920928244535389e-07]",1.0856032863452998,-0.008556255166771276,
23,70,0.0032501220703125,0.0026092529296875,0.0036864110734313726,0.004603705368936062,single_swap,1.0898380944361898,"[17.044851303100586, 0.0, 1.1920928244535389e-07, 1.6029555797576904, 0.9452148675918579, 0.0, 3.576278118089249e-07, 0.00020966715237591416, 0.00020394629973452538, 0.0, 0.00010656742961145937, 5.245195097813848e-06, 0.0, 0.0, 0.00027640812913887203, 0.02326151914894581, 0.0, 1.1920928244535389e-07]",1.0856032863452998,-0.004234808090890052,
181,68,0.003173828125,0.002899169921875,0.0035979191306978464,0.004535593092441559,single_swap,1.0874523070740905,"[17.0396728515625, 0.0, 2.3841855067985307e-07, 1.6023370027542114, 0.9131560325622559, 0.0, 3.576278118089249e-07, 0.00018606838420964777, 0.00020382710499688983, 0.0, 0.00010609064338495955, 4.529942543740617e-06, 0.0, 0.0, 0.00031192204914987087, 0.01816248707473278, 0.0, 1.1920928244535389e-07]",1.0856032863452998,-0.0018490207287906735,
118,41,0.0031280517578125,0.0017852783203125,0.0035355687141418457,0.00451407628133893,single_swap,1.0870816147824875,"[16.92565155029297, 0.0, 2.3841855067985307e-07, 1.672710657119751, 0.9450643658638, 0.0, 3.576278118089249e-07, 0.00018535325943958014, 0.00015877417172305286, 0.0, 0.00011932138295378536, 4.768360213347478e-06, 0.0, 0.0, 0.0003120412293355912, 0.02326151914894581, 0.0, 1.1920928244535389e-07]",1.0856032863452998,-0.0014783284371877592,
139,62,0.0030975341796875,0.0024261474609375,0.0035963302943855524,0.00437370827421546,single_swap,1.084602262760499,"[16.920074462890625, 0.0, 1.1920928244535389e-07, 1.6336238384246826, 0.9450594186782837, 0.0, 3.576278118089249e-07, 0.00019214690837543458, 0.00015877417172305286, 0.0, 0.00010740180005086586, 7.629365427419543e-06, 0.0, 0.0, 0.00035494225448928773, 0.02326151914894581, 0.0, 1.1920928244535389e-07]",1.0856032863452998,0.0010010235848008087,
29,5,0.003082275390625,0.0029144287109375,0.0038203829899430275,0.0042453729547560215,single_swap,1.0937905004626183,"[17.164676666259766, 0.0, 1.1920928244535389e-07, 1.600879192352295, 0.9037773609161377, 0.0, 3.576278118089249e-07, 0.00018559163436293602, 0.00015877417172305286, 0.0, 0.00010740180005086586, 4.529942543740617e-06, 0.0, 0.0, 0.00027640812913887203, 0.01816248707473278, 0.0, 1.1920928244535389e-07]",1.0856032863452998,-0.008187214117318486,
148,67,0.003082275390625,0.002532958984375,0.0034943947102874517,0.004221196286380291,single_swap,1.0683114197552146,"[16.800710678100586, 0.0, 1.1920928244535389e-07, 1.5341521501541138, 0.8706706166267395, 0.0, 3.576278118089249e-07, 0.0001919085334520787, 0.00015889335190877318, 0.0, 9.727005090098828e-05, 5.125986263010418e-06, 0.0, 0.0, 0.0003545847721397877, 0.023263731971383095, 0.0, 1.1920928244535389e-07]",1.0856032863452998,0.017291866590085192,
31,74,0.0030670166015625,0.0025787353515625,0.0037419917061924934,0.004144303500652313,single_swap,1.069389510240573,"[16.92565155029297, 0.0, 1.1920928244535389e-07, 1.5044806003570557, 0.7999047040939331, 0.0, 2.3841855067985307e-07, 0.00018487652414478362, 0.00020382710499688983, 0.0, 0.00010632903286023065, 5.125986263010418e-06, 0.0, 0.0, 0.00031120702624320984, 0.01816248707473278, 0.0, 1.1920928244535389e-07]",1.0856032863452998,0.01621377610472674,
121,65,0.0030364990234375,0.0023193359375,0.0034991365391761065,0.003944700583815575,single_swap,1.0856510928877985,"[17.04466438293457, 0.0, 1.1920928244535389e-07, 1.6022897958755493, 0.8706576824188232, 0.0, 3.576278118089249e-07, 0.00018559163436293602, 0.00020382710499688983, 0.0, 9.727005090098828e-05, 5.125986263010418e-06, 0.0, 0.0, 0.0003543464408721775, 0.0232610534876585, 0.0, 1.1920928244535389e-07]",1.0856032863452998,-4.78065424986962e-05,
144,69,0.0030059814453125,0.002471923828125,0.0034235315397381783,0.003927977755665779,single_swap,1.091019199017229,"[17.164705276489258, 0.0, 1.1920928244535389e-07, 1.5045115947723389, 0.9450501799583435, 0.0, 3.576278118089249e-07, 0.0001911934232339263, 0.00020382710499688983, 0.0, 0.00010680581908673048, 5.125986263010418e-06, 0.0, 0.0, 0.00031132620642893016, 0.023259656503796577, 0.0, 1.1920928244535389e-07]",1.0856032863452998,-0.005415912671929313,
14,56,0.00299072265625,0.002777099609375,0.003430621000006795,0.003909733612090349,single_swap,1.0872626237078,"[17.039840698242188, 0.0, 1.1920928244535389e-07, 1.6028811931610107, 0.9039226770401001, 0.0, 3.576278118089249e-07, 0.0001932195882545784, 0.00020382710499688983, 0.0, 0.0001070442158379592, 5.125986263010418e-06, 0.0, 0.0, 0.00031132620642893016, 0.02326151914894581, 0.0, 1.1920928244535389e-07]",1.0856032863452998,-0.001659337362500235,
,,,,,,whole_row,1.0732367727202903,"[16.9256534576416, 0.0, 1.1920928244535389e-07, 1.5737206935882568, 0.7999127507209778, 0.0, 2.3841855067985307e-07, 0.00018630675913300365, 0.00015877417172305286, 0.0, 0.00010668662434909493, 5.125986263010418e-06, 0.0, 0.0, 0.00035339308669790626, 0.018164243549108505, 0.0, 1.1920928244535389e-07]",1.0856032863452998,0.012366513625009512,learned_row
